,name,url,star_count,license,contributor_count,size,watchers_count,forks,github_pages,open_issues,topics_count,created_at,updated_at,allow_forking,licence
0,albumentations-team/albumentations,https://github.com/albumentations-team/albumentations,9972,MIT License,30,101857,9972,1282,False,280,12,2018-06-06T03:10:50Z,2022-04-07T09:33:51Z,True,
1,zalandoresearch/fashion-mnist,https://github.com/zalandoresearch/fashion-mnist,9915,MIT License,12,108395,9915,2572,False,24,11,2017-08-25T12:05:15Z,2022-04-07T12:29:30Z,True,
2,Embedding/Chinese-Word-Vectors,https://github.com/Embedding/Chinese-Word-Vectors,9878,Apache License 2.0,2,1477,9878,2166,False,42,6,2018-01-09T09:48:49Z,2022-04-07T13:03:19Z,True,
3,MorvanZhou/tutorials,https://github.com/MorvanZhou/tutorials,9847,MIT License,6,62652,9847,5593,False,13,9,2016-05-29T13:29:44Z,2022-04-07T12:14:41Z,True,
4,dask/dask,https://github.com/dask/dask,9752,"BSD 3-Clause ""New"" or ""Revised"" License",30,52238,9752,1467,False,718,8,2015-01-04T18:50:00Z,2022-04-07T12:12:48Z,True,
5,PySimpleGUI/PySimpleGUI,https://github.com/PySimpleGUI/PySimpleGUI,9747,GNU Lesser General Public License v3.0,18,228162,9747,1467,True,646,20,2018-07-11T18:28:58Z,2022-04-07T12:56:53Z,True,
6,alexjc/neural-doodle,https://github.com/alexjc/neural-doodle,9744,GNU Affero General Public License v3.0,3,5380,9744,915,False,50,5,2016-03-05T23:35:18Z,2022-04-05T20:33:21Z,True,
7,python-pillow/Pillow,https://github.com/python-pillow/Pillow,9641,Other,30,81290,9641,1828,True,112,8,2012-07-24T21:38:39Z,2022-04-07T02:54:08Z,True,
8,Ciphey/Ciphey,https://github.com/Ciphey/Ciphey,9645,MIT License,30,17164,9645,621,False,54,17,2019-07-16T20:20:39Z,2022-04-07T03:02:04Z,True,
9,tflearn/tflearn,https://github.com/tflearn/tflearn,9582,Other,30,1589,9582,2432,False,566,6,2016-03-31T12:05:53Z,2022-04-05T11:59:20Z,True,
10,samuelcolvin/pydantic,https://github.com/samuelcolvin/pydantic,9585,MIT License,30,4367,9585,904,False,553,10,2017-05-03T21:23:58Z,2022-04-07T13:51:33Z,True,
11,ManimCommunity/manim,https://github.com/ManimCommunity/manim,9581,MIT License,30,33128,9581,837,False,351,4,2020-05-19T02:37:13Z,2022-04-07T13:51:30Z,True,
12,Theano/Theano,https://github.com/Theano/Theano,9552,Other,30,68088,9552,2505,False,682,0,2011-08-10T03:48:06Z,2022-04-05T07:59:51Z,True,
13,dbader/schedule,https://github.com/dbader/schedule,9533,MIT License,30,349,9533,842,False,133,0,2013-05-19T12:51:20Z,2022-04-06T18:27:40Z,True,
14,iterative/dvc,https://github.com/iterative/dvc,9523,Apache License 2.0,30,14955,9523,918,False,618,10,2017-03-04T08:16:33Z,2022-04-07T12:15:04Z,True,
15,RunaCapital/awesome-oss-alternatives,https://github.com/RunaCapital/awesome-oss-alternatives,9539,,30,797,9539,470,False,23,9,2021-11-15T09:38:58Z,2022-04-07T14:19:08Z,True,Not Found
16,vipstone/faceai,https://github.com/vipstone/faceai,9449,MIT License,4,40473,9449,2353,False,34,5,2018-04-17T08:44:17Z,2022-04-07T09:50:21Z,True,
17,frida/frida,https://github.com/frida/frida,9435,Other,30,20926,9435,1069,False,1008,3,2013-04-12T22:35:05Z,2022-04-07T13:30:25Z,True,
18,scipy/scipy,https://github.com/scipy/scipy,9424,"BSD 3-Clause ""New"" or ""Revised"" License",30,145249,9424,4183,False,1773,5,2011-03-09T18:52:03Z,2022-04-07T13:57:22Z,True,
19,nbedos/termtosvg,https://github.com/nbedos/termtosvg,9383,"BSD 3-Clause ""New"" or ""Revised"" License",13,1400,9383,417,True,12,8,2018-06-09T13:52:09Z,2022-04-05T16:10:42Z,True,
20,lyhue1991/eat_tensorflow2_in_30_days,https://github.com/lyhue1991/eat_tensorflow2_in_30_days,9384,Apache License 2.0,3,61313,9384,2389,True,25,4,2020-02-15T09:00:37Z,2022-04-07T05:33:43Z,True,
21,pwxcoo/chinese-xinhua,https://github.com/pwxcoo/chinese-xinhua,9317,MIT License,3,36271,9317,2208,False,26,12,2018-02-05T02:51:53Z,2022-04-07T11:09:55Z,True,
22,matrix-org/synapse,https://github.com/matrix-org/synapse,9273,Apache License 2.0,30,186174,9273,1715,True,1377,3,2014-08-11T15:51:42Z,2022-04-06T21:49:07Z,True,
23,mwaskom/seaborn,https://github.com/mwaskom/seaborn,9288,"BSD 3-Clause ""New"" or ""Revised"" License",30,53090,9288,1578,False,117,5,2012-06-18T18:41:19Z,2022-04-07T07:52:54Z,True,
24,dmlc/dgl,https://github.com/dmlc/dgl,9268,Apache License 2.0,30,17775,9268,2145,False,288,2,2018-04-20T14:49:09Z,2022-04-07T12:52:16Z,True,
25,NVlabs/stylegan2,https://github.com/NVlabs/stylegan2,9301,Other,3,594,9301,2273,True,26,0,2019-11-26T20:52:23Z,2022-04-07T07:56:02Z,True,
26,wistbean/learn_python3_spider,https://github.com/wistbean/learn_python3_spider,9323,MIT License,8,22509,9323,2589,False,16,3,2019-04-02T20:19:54Z,2022-04-07T13:32:32Z,True,
27,Asabeneh/30-Days-Of-Python,https://github.com/Asabeneh/30-Days-Of-Python,9256,,7,29620,9256,2187,False,48,2,2019-11-19T17:24:16Z,2022-04-07T11:23:05Z,True,Not Found
28,lucidrains/vit-pytorch,https://github.com/lucidrains/vit-pytorch,9264,MIT License,15,8319,9264,1537,False,84,5,2020-10-03T22:47:24Z,2022-04-07T14:22:22Z,True,
29,deepmind/sonnet,https://github.com/deepmind/sonnet,9246,Apache License 2.0,30,16717,9246,1322,True,28,5,2017-04-03T11:34:35Z,2022-04-07T09:11:27Z,True,
30,darknessomi/musicbox,https://github.com/darknessomi/musicbox,9260,MIT License,30,1869,9260,1590,False,228,4,2014-08-05T03:28:24Z,2022-04-07T10:22:11Z,True,
31,cookiecutter/cookiecutter-django,https://github.com/cookiecutter/cookiecutter-django,9231,"BSD 3-Clause ""New"" or ""Revised"" License",30,6682,9231,2391,False,118,10,2013-08-14T17:43:31Z,2022-04-07T08:21:47Z,True,
32,programthink/zhao,https://github.com/programthink/zhao,9258,GNU General Public License v3.0,1,72400,9258,2399,False,302,0,2016-02-28T15:38:57Z,2022-04-07T08:56:56Z,True,
33,tgbot-collection/YYeTsBot,https://github.com/tgbot-collection/YYeTsBot,9775,MIT License,5,16132,9775,1432,False,6,6,2019-08-15T07:50:56Z,2022-04-07T14:42:54Z,True,
34,wilsonfreitas/awesome-quant,https://github.com/wilsonfreitas/awesome-quant,9173,,30,747,9173,1633,False,3,20,2015-09-30T09:53:49Z,2022-04-07T10:50:53Z,True,Not Found
35,Zulko/moviepy,https://github.com/Zulko/moviepy,9111,MIT License,30,41593,9111,1234,True,281,7,2013-08-12T09:39:28Z,2022-04-07T11:40:56Z,True,
36,coleifer/peewee,https://github.com/coleifer/peewee,9060,MIT License,30,15915,9060,1333,False,1,5,2010-10-11T20:14:11Z,2022-04-07T09:30:49Z,True,
37,jindongwang/transferlearning,https://github.com/jindongwang/transferlearning,9066,MIT License,30,37265,9066,3177,True,3,20,2017-04-30T11:32:21Z,2022-04-07T13:47:34Z,True,
38,fossasia/visdom,https://github.com/fossasia/visdom,9066,Apache License 2.0,30,29752,9066,1091,False,97,0,2017-01-25T17:59:45Z,2022-04-06T09:02:29Z,True,
39,sympy/sympy,https://github.com/sympy/sympy,9029,Other,30,153352,9029,3634,False,4412,5,2010-04-30T20:37:14Z,2022-04-07T13:48:08Z,True,
40,pyinstaller/pyinstaller,https://github.com/pyinstaller/pyinstaller,9032,Other,30,51104,9032,1781,False,316,8,2011-11-23T11:05:56Z,2022-04-07T11:44:56Z,True,
41,Textualize/textual,https://github.com/Textualize/textual,9011,MIT License,29,4149,9011,238,False,58,4,2021-04-08T15:24:47Z,2022-04-07T13:25:52Z,True,
42,harelba/q,https://github.com/harelba/q,8982,GNU General Public License v3.0,20,3189,8982,383,True,89,13,2012-01-30T21:12:09Z,2022-04-06T22:26:10Z,True,
43,apenwarr/sshuttle,https://github.com/apenwarr/sshuttle,8960,Other,29,1143,8960,662,False,21,0,2010-05-02T06:50:16Z,2022-04-06T17:11:23Z,True,
44,eeeeeeeeeeeeeeeeeeeeeeeeeeeeeeee/eeeeeeeeeeeeeeeeeeeeeeeeeeeeeeeeeeeeeeeeeeeeeeeeeeeeeeeeeeeeeeeeeeeeeeeeeeeeeeeeeeeeeeeeeeeeeeeeeeee,https://github.com/eeeeeeeeeeeeeeeeeeeeeeeeeeeeeeee/eeeeeeeeeeeeeeeeeeeeeeeeeeeeeeeeeeeeeeeeeeeeeeeeeeeeeeeeeeeeeeeeeeeeeeeeeeeeeeeeeeeeeeeeeeeeeeeeeeee,8903,,30,1236,8903,698,False,226,2,2018-11-08T04:09:47Z,2022-04-07T05:49:25Z,True,Not Found
45,thumbor/thumbor,https://github.com/thumbor/thumbor,8895,MIT License,30,51637,8895,760,False,11,0,2011-03-16T17:30:05Z,2022-04-07T12:54:33Z,True,
46,rushter/MLAlgorithms,https://github.com/rushter/MLAlgorithms,8878,MIT License,25,11924,8878,1566,False,8,5,2016-10-05T06:46:45Z,2022-04-07T14:06:21Z,True,
47,Gallopsled/pwntools,https://github.com/Gallopsled/pwntools,8881,Other,30,27282,8881,1496,False,151,19,2013-04-29T14:43:03Z,2022-04-07T11:46:40Z,True,
48,bbfamily/abu,https://github.com/bbfamily/abu,8899,GNU General Public License v3.0,2,98941,8899,3189,False,2,11,2016-09-19T15:31:53Z,2022-04-07T11:53:27Z,True,
49,sfyc23/EverydayWechat,https://github.com/sfyc23/EverydayWechat,8852,MIT License,13,359,8852,2140,False,19,10,2019-03-11T17:38:45Z,2022-04-07T10:03:11Z,True,
50,x-hw/amazing-qr,https://github.com/x-hw/amazing-qr,8915,GNU General Public License v3.0,4,8228,8915,1443,False,52,6,2016-08-25T12:51:42Z,2022-04-07T12:29:07Z,True,
51,Dod-o/Statistical-Learning-Method_Code,https://github.com/Dod-o/Statistical-Learning-Method_Code,8820,,3,51516,8820,2606,False,14,3,2018-11-15T15:33:17Z,2022-04-07T10:49:33Z,True,Not Found
52,OWASP/owasp-mstg,https://github.com/OWASP/owasp-mstg,8812,Creative Commons Attribution Share Alike 4.0 International,30,383409,8812,1883,False,124,18,2016-09-30T08:22:29Z,2022-04-07T04:16:11Z,True,
53,facebookresearch/maskrcnn-benchmark,https://github.com/facebookresearch/maskrcnn-benchmark,8803,MIT License,30,6842,8803,2518,False,522,0,2018-10-24T17:34:50Z,2022-04-06T09:03:43Z,True,
54,facebook/chisel,https://github.com/facebook/chisel,8770,MIT License,30,3522,8770,787,False,44,0,2014-02-21T18:24:17Z,2022-04-06T10:42:17Z,True,
55,aws/chalice,https://github.com/aws/chalice,8789,Apache License 2.0,30,9798,8789,914,True,374,10,2016-05-27T23:27:13Z,2022-04-07T13:48:51Z,True,
56,falconry/falcon,https://github.com/falconry/falcon,8737,Apache License 2.0,30,6945,8737,871,False,171,10,2012-12-06T18:17:51Z,2022-04-07T14:08:38Z,True,
57,coursera-dl/coursera-dl,https://github.com/coursera-dl/coursera-dl,8725,GNU Lesser General Public License v3.0,30,1808,8725,2084,True,177,9,2012-03-21T21:07:15Z,2022-04-07T05:49:47Z,True,
58,facebookresearch/ParlAI,https://github.com/facebookresearch/ParlAI,8720,MIT License,30,95410,8720,1820,False,93,0,2017-04-24T17:10:44Z,2022-04-07T06:59:45Z,True,
59,PrefectHQ/prefect,https://github.com/PrefectHQ/prefect,8682,Apache License 2.0,30,76333,8682,850,False,478,12,2018-06-29T21:59:26Z,2022-04-07T11:49:40Z,True,
60,amueller/word_cloud,https://github.com/amueller/word_cloud,8691,MIT License,30,119762,8691,2188,True,114,0,2012-11-04T22:57:59Z,2022-04-07T10:13:17Z,True,
61,SecureAuthCorp/impacket,https://github.com/SecureAuthCorp/impacket,8669,Other,30,7877,8669,2607,False,219,10,2015-04-15T14:04:07Z,2022-04-07T14:23:31Z,True,
62,tweepy/tweepy,https://github.com/tweepy/tweepy,8659,MIT License,30,14433,8659,3929,False,64,3,2009-07-06T04:15:34Z,2022-04-07T13:18:55Z,True,
63,django-cms/django-cms,https://github.com/django-cms/django-cms,8651,"BSD 3-Clause ""New"" or ""Revised"" License",30,96547,8651,2767,False,264,6,2009-03-05T10:14:18Z,2022-04-07T09:37:33Z,True,
64,seatgeek/fuzzywuzzy,https://github.com/seatgeek/fuzzywuzzy,8639,GNU General Public License v2.0,30,336,8639,880,False,108,0,2011-07-08T19:32:34Z,2022-04-07T13:26:42Z,True,
65,eriklindernoren/Keras-GAN,https://github.com/eriklindernoren/Keras-GAN,8616,MIT License,14,90527,8616,3078,False,136,5,2017-07-11T16:24:53Z,2022-04-07T02:46:16Z,True,
66,pytest-dev/pytest,https://github.com/pytest-dev/pytest,8600,MIT License,30,28719,8600,2001,False,760,5,2015-06-15T20:28:27Z,2022-04-07T13:56:55Z,True,
67,mailpile/Mailpile,https://github.com/mailpile/Mailpile,8574,Other,30,25734,8574,1047,False,412,7,2011-10-30T23:45:22Z,2022-04-06T09:23:06Z,True,
68,facebookresearch/detr,https://github.com/facebookresearch/detr,8611,Apache License 2.0,23,13157,8611,1535,False,155,0,2020-05-26T23:54:52Z,2022-04-07T14:17:08Z,True,
69,s0md3v/Photon,https://github.com/s0md3v/Photon,8550,GNU General Public License v3.0,19,359,8550,1276,False,41,5,2018-03-30T19:38:22Z,2022-04-07T08:03:13Z,True,
70,encode/httpx,https://github.com/encode/httpx,8536,"BSD 3-Clause ""New"" or ""Revised"" License",30,5198,8536,570,True,41,4,2019-04-04T12:27:00Z,2022-04-07T13:59:15Z,True,
71,ultralytics/yolov3,https://github.com/ultralytics/yolov3,8520,GNU General Public License v3.0,30,9547,8520,3144,True,8,13,2018-08-26T08:57:20Z,2022-04-07T14:35:20Z,True,
72,EpistasisLab/tpot,https://github.com/EpistasisLab/tpot,8503,GNU Lesser General Public License v3.0,30,79030,8503,1464,True,247,14,2015-11-03T21:08:40Z,2022-04-07T13:48:50Z,True,
73,aws/serverless-application-model,https://github.com/aws/serverless-application-model,8475,Other,30,9756,8475,2173,False,248,8,2016-10-10T21:36:18Z,2022-04-07T10:13:54Z,True,
74,tiangolo/full-stack-fastapi-postgresql,https://github.com/tiangolo/full-stack-fastapi-postgresql,8556,MIT License,16,831,8556,1530,False,191,20,2019-02-23T15:08:34Z,2022-04-07T13:51:35Z,True,
75,Cadene/pretrained-models.pytorch,https://github.com/Cadene/pretrained-models.pytorch,8457,"BSD 3-Clause ""New"" or ""Revised"" License",20,532,8457,1791,False,92,6,2017-04-09T15:54:23Z,2022-04-07T06:55:36Z,True,
76,scrapinghub/portia,https://github.com/scrapinghub/portia,8444,Other,30,25514,8444,1361,False,124,0,2014-03-21T14:24:31Z,2022-04-06T20:06:04Z,True,
77,mementum/backtrader,https://github.com/mementum/backtrader,8470,GNU General Public License v3.0,30,22392,8470,2695,False,42,4,2015-01-10T07:14:52Z,2022-04-07T13:18:39Z,True,
78,httpie/http-prompt,https://github.com/httpie/http-prompt,8430,MIT License,28,736,8430,333,True,49,17,2016-04-06T07:24:35Z,2022-04-06T11:21:53Z,True,
79,pallets/jinja,https://github.com/pallets/jinja,8428,"BSD 3-Clause ""New"" or ""Revised"" License",30,6290,8428,1482,False,33,6,2010-10-17T13:41:17Z,2022-04-07T13:59:14Z,True,
80,keras-team/autokeras,https://github.com/keras-team/autokeras,8409,Apache License 2.0,30,45083,8409,1359,True,82,9,2017-11-19T23:18:20Z,2022-04-07T13:51:18Z,True,
81,aristocratos/bpytop,https://github.com/aristocratos/bpytop,8425,Apache License 2.0,30,1343,8425,338,False,65,0,2020-07-01T17:41:25Z,2022-04-07T09:24:47Z,True,
82,cyrus-and/gdb-dashboard,https://github.com/cyrus-and/gdb-dashboard,8377,MIT License,16,375,8377,631,False,11,19,2015-09-09T16:53:23Z,2022-04-07T14:09:00Z,True,
83,lk-geimfari/awesomo,https://github.com/lk-geimfari/awesomo,8328,Other,30,1284,8328,623,False,10,19,2016-12-13T17:44:11Z,2022-04-06T09:48:59Z,True,
84,lauris/awesome-scala,https://github.com/lauris/awesome-scala,8342,Apache License 2.0,30,1706,8342,1259,False,1,5,2014-07-08T08:13:52Z,2022-04-07T12:27:02Z,True,
85,ytisf/theZoo,https://github.com/ytisf/theZoo,8302,Other,17,1041055,8302,2143,True,54,6,2014-01-09T18:55:35Z,2022-04-07T13:39:20Z,True,
86,microsoft/qlib,https://github.com/microsoft/qlib,8275,MIT License,30,15573,8275,1454,False,165,18,2020-08-14T06:46:00Z,2022-04-07T14:09:09Z,True,
87,giampaolo/psutil,https://github.com/giampaolo/psutil,8258,"BSD 3-Clause ""New"" or ""Revised"" License",30,35459,8258,1231,False,238,16,2014-05-23T14:01:48Z,2022-04-07T09:57:17Z,True,
88,nodejs/node-gyp,https://github.com/nodejs/node-gyp,8266,MIT License,30,4922,8266,1603,False,158,5,2012-02-03T05:50:50Z,2022-04-07T11:29:51Z,True,
89,benoitc/gunicorn,https://github.com/benoitc/gunicorn,8238,Other,30,4363,8238,1545,True,436,5,2009-11-30T18:18:08Z,2022-04-07T08:35:01Z,True,
90,wkentaro/labelme,https://github.com/wkentaro/labelme,8267,Other,30,46225,8267,2529,False,139,9,2016-05-09T12:30:26Z,2022-04-07T14:30:10Z,True,
91,rq/rq,https://github.com/rq/rq,8218,Other,30,3670,8218,1282,True,188,11,2011-11-14T10:53:48Z,2022-04-07T14:12:49Z,True,
92,clips/pattern,https://github.com/clips/pattern,8191,"BSD 3-Clause ""New"" or ""Revised"" License",19,52330,8191,1584,False,172,7,2011-05-03T15:29:01Z,2022-04-05T22:49:22Z,True,
93,ludwig-ai/ludwig,https://github.com/ludwig-ai/ludwig,8187,Apache License 2.0,30,22123,8187,980,False,178,17,2018-12-27T23:58:12Z,2022-04-07T14:07:23Z,True,
94,borgbackup/borg,https://github.com/borgbackup/borg,8177,Other,30,22585,8177,624,False,604,11,2015-05-12T23:10:47Z,2022-04-07T09:55:34Z,True,
95,MrS0m30n3/youtube-dl-gui,https://github.com/MrS0m30n3/youtube-dl-gui,8195,The Unlicense,22,2329,8195,1488,True,188,14,2014-03-01T17:11:10Z,2022-04-07T11:00:39Z,True,
96,Yorko/mlcourse.ai,https://github.com/Yorko/mlcourse.ai,8157,Other,3,398527,8157,5392,True,3,17,2017-02-27T08:32:20Z,2022-04-07T12:54:07Z,True,
97,30-seconds/30-seconds-of-python,https://github.com/30-seconds/30-seconds-of-python,8128,Creative Commons Attribution 4.0 International,30,68456,8128,1236,False,2,8,2018-01-08T12:17:16Z,2022-04-06T13:30:43Z,True,
98,ReFirmLabs/binwalk,https://github.com/ReFirmLabs/binwalk,8131,MIT License,30,45199,8131,1252,False,142,0,2013-11-15T20:45:40Z,2022-04-07T08:17:40Z,True,
99,sloria/TextBlob,https://github.com/sloria/TextBlob,8100,MIT License,27,7872,8100,1077,False,102,7,2013-06-30T18:29:18Z,2022-04-05T09:23:15Z,True,
100,albumentations-team/albumentations,https://github.com/albumentations-team/albumentations,9972,MIT License,30,101857,9972,1282,False,280,12,2018-06-06T03:10:50Z,2022-04-07T09:33:51Z,True,
101,zalandoresearch/fashion-mnist,https://github.com/zalandoresearch/fashion-mnist,9915,MIT License,12,108395,9915,2572,False,24,11,2017-08-25T12:05:15Z,2022-04-07T12:29:30Z,True,
102,Embedding/Chinese-Word-Vectors,https://github.com/Embedding/Chinese-Word-Vectors,9878,Apache License 2.0,2,1477,9878,2166,False,42,6,2018-01-09T09:48:49Z,2022-04-07T13:03:19Z,True,
103,MorvanZhou/tutorials,https://github.com/MorvanZhou/tutorials,9847,MIT License,6,62652,9847,5593,False,13,9,2016-05-29T13:29:44Z,2022-04-07T12:14:41Z,True,
104,dask/dask,https://github.com/dask/dask,9752,"BSD 3-Clause ""New"" or ""Revised"" License",30,52238,9752,1467,False,718,8,2015-01-04T18:50:00Z,2022-04-07T12:12:48Z,True,
105,PySimpleGUI/PySimpleGUI,https://github.com/PySimpleGUI/PySimpleGUI,9747,GNU Lesser General Public License v3.0,18,228162,9747,1467,True,646,20,2018-07-11T18:28:58Z,2022-04-07T12:56:53Z,True,
106,alexjc/neural-doodle,https://github.com/alexjc/neural-doodle,9744,GNU Affero General Public License v3.0,3,5380,9744,915,False,50,5,2016-03-05T23:35:18Z,2022-04-05T20:33:21Z,True,
107,python-pillow/Pillow,https://github.com/python-pillow/Pillow,9641,Other,30,81290,9641,1828,True,112,8,2012-07-24T21:38:39Z,2022-04-07T02:54:08Z,True,
108,Ciphey/Ciphey,https://github.com/Ciphey/Ciphey,9645,MIT License,30,17164,9645,621,False,54,17,2019-07-16T20:20:39Z,2022-04-07T03:02:04Z,True,
109,tflearn/tflearn,https://github.com/tflearn/tflearn,9582,Other,30,1589,9582,2432,False,566,6,2016-03-31T12:05:53Z,2022-04-05T11:59:20Z,True,
110,samuelcolvin/pydantic,https://github.com/samuelcolvin/pydantic,9585,MIT License,30,4367,9585,904,False,553,10,2017-05-03T21:23:58Z,2022-04-07T13:51:33Z,True,
111,ManimCommunity/manim,https://github.com/ManimCommunity/manim,9581,MIT License,30,33128,9581,837,False,351,4,2020-05-19T02:37:13Z,2022-04-07T13:51:30Z,True,
112,Theano/Theano,https://github.com/Theano/Theano,9552,Other,30,68088,9552,2505,False,682,0,2011-08-10T03:48:06Z,2022-04-05T07:59:51Z,True,
113,dbader/schedule,https://github.com/dbader/schedule,9533,MIT License,30,349,9533,842,False,133,0,2013-05-19T12:51:20Z,2022-04-06T18:27:40Z,True,
114,iterative/dvc,https://github.com/iterative/dvc,9523,Apache License 2.0,30,14955,9523,918,False,618,10,2017-03-04T08:16:33Z,2022-04-07T12:15:04Z,True,
115,RunaCapital/awesome-oss-alternatives,https://github.com/RunaCapital/awesome-oss-alternatives,9539,,30,797,9539,470,False,23,9,2021-11-15T09:38:58Z,2022-04-07T14:19:08Z,True,Not Found
116,vipstone/faceai,https://github.com/vipstone/faceai,9449,MIT License,4,40473,9449,2353,False,34,5,2018-04-17T08:44:17Z,2022-04-07T09:50:21Z,True,
117,frida/frida,https://github.com/frida/frida,9435,Other,30,20926,9435,1069,False,1008,3,2013-04-12T22:35:05Z,2022-04-07T13:30:25Z,True,
118,scipy/scipy,https://github.com/scipy/scipy,9424,"BSD 3-Clause ""New"" or ""Revised"" License",30,145249,9424,4183,False,1773,5,2011-03-09T18:52:03Z,2022-04-07T13:57:22Z,True,
119,nbedos/termtosvg,https://github.com/nbedos/termtosvg,9383,"BSD 3-Clause ""New"" or ""Revised"" License",13,1400,9383,417,True,12,8,2018-06-09T13:52:09Z,2022-04-05T16:10:42Z,True,
120,lyhue1991/eat_tensorflow2_in_30_days,https://github.com/lyhue1991/eat_tensorflow2_in_30_days,9384,Apache License 2.0,3,61313,9384,2389,True,25,4,2020-02-15T09:00:37Z,2022-04-07T05:33:43Z,True,
121,pwxcoo/chinese-xinhua,https://github.com/pwxcoo/chinese-xinhua,9317,MIT License,3,36271,9317,2208,False,26,12,2018-02-05T02:51:53Z,2022-04-07T11:09:55Z,True,
122,matrix-org/synapse,https://github.com/matrix-org/synapse,9273,Apache License 2.0,30,186174,9273,1715,True,1377,3,2014-08-11T15:51:42Z,2022-04-06T21:49:07Z,True,
123,mwaskom/seaborn,https://github.com/mwaskom/seaborn,9288,"BSD 3-Clause ""New"" or ""Revised"" License",30,53090,9288,1578,False,117,5,2012-06-18T18:41:19Z,2022-04-07T07:52:54Z,True,
124,dmlc/dgl,https://github.com/dmlc/dgl,9268,Apache License 2.0,30,17775,9268,2145,False,288,2,2018-04-20T14:49:09Z,2022-04-07T12:52:16Z,True,
125,NVlabs/stylegan2,https://github.com/NVlabs/stylegan2,9301,Other,3,594,9301,2273,True,26,0,2019-11-26T20:52:23Z,2022-04-07T07:56:02Z,True,
126,wistbean/learn_python3_spider,https://github.com/wistbean/learn_python3_spider,9323,MIT License,8,22509,9323,2589,False,16,3,2019-04-02T20:19:54Z,2022-04-07T13:32:32Z,True,
127,Asabeneh/30-Days-Of-Python,https://github.com/Asabeneh/30-Days-Of-Python,9256,,7,29620,9256,2187,False,48,2,2019-11-19T17:24:16Z,2022-04-07T11:23:05Z,True,Not Found
128,lucidrains/vit-pytorch,https://github.com/lucidrains/vit-pytorch,9264,MIT License,15,8319,9264,1537,False,84,5,2020-10-03T22:47:24Z,2022-04-07T14:22:22Z,True,
129,deepmind/sonnet,https://github.com/deepmind/sonnet,9246,Apache License 2.0,30,16717,9246,1322,True,28,5,2017-04-03T11:34:35Z,2022-04-07T09:11:27Z,True,
130,darknessomi/musicbox,https://github.com/darknessomi/musicbox,9260,MIT License,30,1869,9260,1590,False,228,4,2014-08-05T03:28:24Z,2022-04-07T10:22:11Z,True,
131,cookiecutter/cookiecutter-django,https://github.com/cookiecutter/cookiecutter-django,9231,"BSD 3-Clause ""New"" or ""Revised"" License",30,6682,9231,2391,False,118,10,2013-08-14T17:43:31Z,2022-04-07T08:21:47Z,True,
132,programthink/zhao,https://github.com/programthink/zhao,9258,GNU General Public License v3.0,1,72400,9258,2399,False,302,0,2016-02-28T15:38:57Z,2022-04-07T08:56:56Z,True,
133,tgbot-collection/YYeTsBot,https://github.com/tgbot-collection/YYeTsBot,9775,MIT License,5,16132,9775,1432,False,6,6,2019-08-15T07:50:56Z,2022-04-07T14:42:54Z,True,
134,wilsonfreitas/awesome-quant,https://github.com/wilsonfreitas/awesome-quant,9173,,30,747,9173,1633,False,3,20,2015-09-30T09:53:49Z,2022-04-07T10:50:53Z,True,Not Found
135,Zulko/moviepy,https://github.com/Zulko/moviepy,9111,MIT License,30,41593,9111,1234,True,281,7,2013-08-12T09:39:28Z,2022-04-07T11:40:56Z,True,
136,coleifer/peewee,https://github.com/coleifer/peewee,9060,MIT License,30,15915,9060,1333,False,1,5,2010-10-11T20:14:11Z,2022-04-07T09:30:49Z,True,
137,jindongwang/transferlearning,https://github.com/jindongwang/transferlearning,9066,MIT License,30,37265,9066,3177,True,3,20,2017-04-30T11:32:21Z,2022-04-07T13:47:34Z,True,
138,fossasia/visdom,https://github.com/fossasia/visdom,9066,Apache License 2.0,30,29752,9066,1091,False,97,0,2017-01-25T17:59:45Z,2022-04-06T09:02:29Z,True,
139,sympy/sympy,https://github.com/sympy/sympy,9029,Other,30,153352,9029,3634,False,4412,5,2010-04-30T20:37:14Z,2022-04-07T13:48:08Z,True,
140,pyinstaller/pyinstaller,https://github.com/pyinstaller/pyinstaller,9032,Other,30,51104,9032,1781,False,316,8,2011-11-23T11:05:56Z,2022-04-07T11:44:56Z,True,
141,Textualize/textual,https://github.com/Textualize/textual,9011,MIT License,29,4149,9011,238,False,58,4,2021-04-08T15:24:47Z,2022-04-07T13:25:52Z,True,
142,harelba/q,https://github.com/harelba/q,8982,GNU General Public License v3.0,20,3189,8982,383,True,89,13,2012-01-30T21:12:09Z,2022-04-06T22:26:10Z,True,
143,apenwarr/sshuttle,https://github.com/apenwarr/sshuttle,8960,Other,29,1143,8960,662,False,21,0,2010-05-02T06:50:16Z,2022-04-06T17:11:23Z,True,
144,eeeeeeeeeeeeeeeeeeeeeeeeeeeeeeee/eeeeeeeeeeeeeeeeeeeeeeeeeeeeeeeeeeeeeeeeeeeeeeeeeeeeeeeeeeeeeeeeeeeeeeeeeeeeeeeeeeeeeeeeeeeeeeeeeeee,https://github.com/eeeeeeeeeeeeeeeeeeeeeeeeeeeeeeee/eeeeeeeeeeeeeeeeeeeeeeeeeeeeeeeeeeeeeeeeeeeeeeeeeeeeeeeeeeeeeeeeeeeeeeeeeeeeeeeeeeeeeeeeeeeeeeeeeeee,8903,,30,1236,8903,698,False,226,2,2018-11-08T04:09:47Z,2022-04-07T05:49:25Z,True,Not Found
145,thumbor/thumbor,https://github.com/thumbor/thumbor,8895,MIT License,30,51637,8895,760,False,11,0,2011-03-16T17:30:05Z,2022-04-07T12:54:33Z,True,
146,rushter/MLAlgorithms,https://github.com/rushter/MLAlgorithms,8878,MIT License,25,11924,8878,1566,False,8,5,2016-10-05T06:46:45Z,2022-04-07T14:06:21Z,True,
147,Gallopsled/pwntools,https://github.com/Gallopsled/pwntools,8881,Other,30,27282,8881,1496,False,151,19,2013-04-29T14:43:03Z,2022-04-07T11:46:40Z,True,
148,bbfamily/abu,https://github.com/bbfamily/abu,8899,GNU General Public License v3.0,2,98941,8899,3189,False,2,11,2016-09-19T15:31:53Z,2022-04-07T11:53:27Z,True,
149,sfyc23/EverydayWechat,https://github.com/sfyc23/EverydayWechat,8852,MIT License,13,359,8852,2140,False,19,10,2019-03-11T17:38:45Z,2022-04-07T10:03:11Z,True,
150,x-hw/amazing-qr,https://github.com/x-hw/amazing-qr,8915,GNU General Public License v3.0,4,8228,8915,1443,False,52,6,2016-08-25T12:51:42Z,2022-04-07T12:29:07Z,True,
151,Dod-o/Statistical-Learning-Method_Code,https://github.com/Dod-o/Statistical-Learning-Method_Code,8820,,3,51516,8820,2606,False,14,3,2018-11-15T15:33:17Z,2022-04-07T10:49:33Z,True,Not Found
152,OWASP/owasp-mstg,https://github.com/OWASP/owasp-mstg,8812,Creative Commons Attribution Share Alike 4.0 International,30,383409,8812,1883,False,124,18,2016-09-30T08:22:29Z,2022-04-07T04:16:11Z,True,
153,facebookresearch/maskrcnn-benchmark,https://github.com/facebookresearch/maskrcnn-benchmark,8803,MIT License,30,6842,8803,2518,False,522,0,2018-10-24T17:34:50Z,2022-04-06T09:03:43Z,True,
154,facebook/chisel,https://github.com/facebook/chisel,8770,MIT License,30,3522,8770,787,False,44,0,2014-02-21T18:24:17Z,2022-04-06T10:42:17Z,True,
155,aws/chalice,https://github.com/aws/chalice,8789,Apache License 2.0,30,9798,8789,914,True,374,10,2016-05-27T23:27:13Z,2022-04-07T13:48:51Z,True,
156,falconry/falcon,https://github.com/falconry/falcon,8737,Apache License 2.0,30,6945,8737,871,False,171,10,2012-12-06T18:17:51Z,2022-04-07T14:08:38Z,True,
157,coursera-dl/coursera-dl,https://github.com/coursera-dl/coursera-dl,8725,GNU Lesser General Public License v3.0,30,1808,8725,2084,True,177,9,2012-03-21T21:07:15Z,2022-04-07T05:49:47Z,True,
158,facebookresearch/ParlAI,https://github.com/facebookresearch/ParlAI,8720,MIT License,30,95410,8720,1820,False,93,0,2017-04-24T17:10:44Z,2022-04-07T06:59:45Z,True,
159,PrefectHQ/prefect,https://github.com/PrefectHQ/prefect,8682,Apache License 2.0,30,76333,8682,850,False,478,12,2018-06-29T21:59:26Z,2022-04-07T11:49:40Z,True,
160,amueller/word_cloud,https://github.com/amueller/word_cloud,8691,MIT License,30,119762,8691,2188,True,114,0,2012-11-04T22:57:59Z,2022-04-07T10:13:17Z,True,
161,SecureAuthCorp/impacket,https://github.com/SecureAuthCorp/impacket,8669,Other,30,7877,8669,2607,False,219,10,2015-04-15T14:04:07Z,2022-04-07T14:23:31Z,True,
162,tweepy/tweepy,https://github.com/tweepy/tweepy,8659,MIT License,30,14433,8659,3929,False,64,3,2009-07-06T04:15:34Z,2022-04-07T13:18:55Z,True,
163,django-cms/django-cms,https://github.com/django-cms/django-cms,8651,"BSD 3-Clause ""New"" or ""Revised"" License",30,96547,8651,2767,False,264,6,2009-03-05T10:14:18Z,2022-04-07T09:37:33Z,True,
164,seatgeek/fuzzywuzzy,https://github.com/seatgeek/fuzzywuzzy,8639,GNU General Public License v2.0,30,336,8639,880,False,108,0,2011-07-08T19:32:34Z,2022-04-07T13:26:42Z,True,
165,eriklindernoren/Keras-GAN,https://github.com/eriklindernoren/Keras-GAN,8616,MIT License,14,90527,8616,3078,False,136,5,2017-07-11T16:24:53Z,2022-04-07T02:46:16Z,True,
166,pytest-dev/pytest,https://github.com/pytest-dev/pytest,8600,MIT License,30,28719,8600,2001,False,760,5,2015-06-15T20:28:27Z,2022-04-07T13:56:55Z,True,
167,mailpile/Mailpile,https://github.com/mailpile/Mailpile,8574,Other,30,25734,8574,1047,False,412,7,2011-10-30T23:45:22Z,2022-04-06T09:23:06Z,True,
168,facebookresearch/detr,https://github.com/facebookresearch/detr,8611,Apache License 2.0,23,13157,8611,1535,False,155,0,2020-05-26T23:54:52Z,2022-04-07T14:17:08Z,True,
169,s0md3v/Photon,https://github.com/s0md3v/Photon,8550,GNU General Public License v3.0,19,359,8550,1276,False,41,5,2018-03-30T19:38:22Z,2022-04-07T08:03:13Z,True,
170,encode/httpx,https://github.com/encode/httpx,8536,"BSD 3-Clause ""New"" or ""Revised"" License",30,5198,8536,570,True,41,4,2019-04-04T12:27:00Z,2022-04-07T13:59:15Z,True,
171,ultralytics/yolov3,https://github.com/ultralytics/yolov3,8520,GNU General Public License v3.0,30,9547,8520,3143,True,8,13,2018-08-26T08:57:20Z,2022-04-07T14:35:20Z,True,
172,EpistasisLab/tpot,https://github.com/EpistasisLab/tpot,8503,GNU Lesser General Public License v3.0,30,79030,8503,1464,True,247,14,2015-11-03T21:08:40Z,2022-04-07T13:48:50Z,True,
173,aws/serverless-application-model,https://github.com/aws/serverless-application-model,8475,Other,30,9756,8475,2173,False,248,8,2016-10-10T21:36:18Z,2022-04-07T10:13:54Z,True,
174,tiangolo/full-stack-fastapi-postgresql,https://github.com/tiangolo/full-stack-fastapi-postgresql,8556,MIT License,16,831,8556,1530,False,191,20,2019-02-23T15:08:34Z,2022-04-07T13:51:35Z,True,
175,Cadene/pretrained-models.pytorch,https://github.com/Cadene/pretrained-models.pytorch,8457,"BSD 3-Clause ""New"" or ""Revised"" License",20,532,8457,1791,False,92,6,2017-04-09T15:54:23Z,2022-04-07T06:55:36Z,True,
176,scrapinghub/portia,https://github.com/scrapinghub/portia,8444,Other,30,25514,8444,1361,False,124,0,2014-03-21T14:24:31Z,2022-04-06T20:06:04Z,True,
177,mementum/backtrader,https://github.com/mementum/backtrader,8470,GNU General Public License v3.0,30,22392,8470,2695,False,42,4,2015-01-10T07:14:52Z,2022-04-07T13:18:39Z,True,
178,httpie/http-prompt,https://github.com/httpie/http-prompt,8430,MIT License,28,736,8430,333,True,49,17,2016-04-06T07:24:35Z,2022-04-06T11:21:53Z,True,
179,pallets/jinja,https://github.com/pallets/jinja,8428,"BSD 3-Clause ""New"" or ""Revised"" License",30,6290,8428,1482,False,33,6,2010-10-17T13:41:17Z,2022-04-07T13:59:14Z,True,
180,keras-team/autokeras,https://github.com/keras-team/autokeras,8409,Apache License 2.0,30,45083,8409,1359,True,82,9,2017-11-19T23:18:20Z,2022-04-07T13:51:18Z,True,
181,aristocratos/bpytop,https://github.com/aristocratos/bpytop,8425,Apache License 2.0,30,1343,8425,338,False,65,0,2020-07-01T17:41:25Z,2022-04-07T09:24:47Z,True,
182,cyrus-and/gdb-dashboard,https://github.com/cyrus-and/gdb-dashboard,8377,MIT License,16,375,8377,631,False,11,19,2015-09-09T16:53:23Z,2022-04-07T14:09:00Z,True,
183,lk-geimfari/awesomo,https://github.com/lk-geimfari/awesomo,8328,Other,30,1284,8328,623,False,10,19,2016-12-13T17:44:11Z,2022-04-06T09:48:59Z,True,
184,lauris/awesome-scala,https://github.com/lauris/awesome-scala,8342,Apache License 2.0,30,1706,8342,1259,False,1,5,2014-07-08T08:13:52Z,2022-04-07T12:27:02Z,True,
185,ytisf/theZoo,https://github.com/ytisf/theZoo,8302,Other,17,1041055,8302,2143,True,54,6,2014-01-09T18:55:35Z,2022-04-07T13:39:20Z,True,
186,microsoft/qlib,https://github.com/microsoft/qlib,8275,MIT License,30,15573,8275,1454,False,165,18,2020-08-14T06:46:00Z,2022-04-07T14:09:09Z,True,
187,giampaolo/psutil,https://github.com/giampaolo/psutil,8258,"BSD 3-Clause ""New"" or ""Revised"" License",30,35459,8258,1231,False,238,16,2014-05-23T14:01:48Z,2022-04-07T09:57:17Z,True,
188,nodejs/node-gyp,https://github.com/nodejs/node-gyp,8266,MIT License,30,4922,8266,1603,False,158,5,2012-02-03T05:50:50Z,2022-04-07T11:29:51Z,True,
189,benoitc/gunicorn,https://github.com/benoitc/gunicorn,8238,Other,30,4363,8238,1545,True,436,5,2009-11-30T18:18:08Z,2022-04-07T08:35:01Z,True,
190,wkentaro/labelme,https://github.com/wkentaro/labelme,8267,Other,30,46225,8267,2529,False,139,9,2016-05-09T12:30:26Z,2022-04-07T14:30:10Z,True,
191,rq/rq,https://github.com/rq/rq,8218,Other,30,3670,8218,1282,True,188,11,2011-11-14T10:53:48Z,2022-04-07T14:12:49Z,True,
192,clips/pattern,https://github.com/clips/pattern,8191,"BSD 3-Clause ""New"" or ""Revised"" License",19,52330,8191,1584,False,172,7,2011-05-03T15:29:01Z,2022-04-05T22:49:22Z,True,
193,ludwig-ai/ludwig,https://github.com/ludwig-ai/ludwig,8187,Apache License 2.0,30,22123,8187,980,False,178,17,2018-12-27T23:58:12Z,2022-04-07T14:07:23Z,True,
194,borgbackup/borg,https://github.com/borgbackup/borg,8177,Other,30,22585,8177,624,False,604,11,2015-05-12T23:10:47Z,2022-04-07T09:55:34Z,True,
195,MrS0m30n3/youtube-dl-gui,https://github.com/MrS0m30n3/youtube-dl-gui,8195,The Unlicense,22,2329,8195,1488,True,188,14,2014-03-01T17:11:10Z,2022-04-07T11:00:39Z,True,
196,Yorko/mlcourse.ai,https://github.com/Yorko/mlcourse.ai,8157,Other,3,398527,8157,5392,True,3,17,2017-02-27T08:32:20Z,2022-04-07T12:54:07Z,True,
197,30-seconds/30-seconds-of-python,https://github.com/30-seconds/30-seconds-of-python,8128,Creative Commons Attribution 4.0 International,30,68456,8128,1236,False,2,8,2018-01-08T12:17:16Z,2022-04-06T13:30:43Z,True,
198,ReFirmLabs/binwalk,https://github.com/ReFirmLabs/binwalk,8131,MIT License,30,45199,8131,1252,False,142,0,2013-11-15T20:45:40Z,2022-04-07T08:17:40Z,True,
199,sloria/TextBlob,https://github.com/sloria/TextBlob,8100,MIT License,27,7872,8100,1077,False,102,7,2013-06-30T18:29:18Z,2022-04-05T09:23:15Z,True,
